Models,Accuracy
LR,80.2536231884058
SVC,84.23913043478261
KNN,86.41304347826086
DT,86.41304347826086
RF,89.85507246376811
GBC,86.77536231884058
